endpoint,concurrency,n,p50_ms,p95_ms,p99_ms,mean_ms,throughput_rps
GET passport,1,1600,0.64080000447575,0.9266200118872803,1.1462639959063379,0.6561087498812412,1514.1456693126581
GET passport,8,1600,3.7594499954138882,6.517654997151111,8.7891179905273,4.088798874990971,1927.4279990912896
GET passport,32,1600,8.493050001561642,17.21552499511745,37.984316998190415,11.91517543734335,2114.464696168594
GET events,1,1600,0.9620499913580716,3.0476700041617724,4.19476999915787,1.2590817500586127,792.8225379272271
GET events,8,1600,4.52364999364363,7.069285011675673,8.851784996804781,4.691186500158437,1682.2739633606868
GET events,32,1600,19.504499992763158,30.071830008819234,35.71747300011339,21.427469062182354,1328.1321464950897
GET indicators,1,1600,0.40234999323729426,0.589809994562529,0.7154100041952914,0.4251763746924553,2341.9388853413902
GET indicators,8,1600,3.661000002466608,5.179530002351385,6.086511994799366,3.7234911249197467,2121.097991645523
GET indicators,32,1600,9.833849995629862,15.07414500665618,19.72113600713782,12.320647437700245,2011.2870917477726
GET provenance (explain),1,1600,5.998749998980202,23.53359000771888,30.29056501269224,8.505055249943325,117.53610733090275
GET provenance (explain),8,1600,11.219250001886394,15.707655003643593,18.829073995293573,11.490171124978588,683.4053129959384
GET provenance (explain),32,1600,59.378550002293196,77.26119999861112,87.71134200302184,60.00432162497418,513.4004908227844
GET search,1,1600,1.3403499979176559,19.905044991901377,22.23312699163216,5.523999124970942,180.969046262798
GET search,8,1600,4.544249997707084,97.11881499024456,120.00519400316988,25.971426562418856,305.1185098406056
GET search,32,1600,15.187149998382665,420.01443999397446,457.6974020007765,107.23730175011042,289.2890145696164
