stage,quantity,feature,delta_mae_log
spinning,electricity,category,-6.230202495386971e-05
spinning,electricity,country,0.0011646503397623631
spinning,electricity,depth,0.0008300298493461422
spinning,electricity,dye_acid,0.005521079950399766
spinning,electricity,dye_disperse,-0.0006628896805523921
spinning,electricity,dye_reactive,0.19269041127650036
spinning,electricity,dye_vat_indigo,0.0002448095462695088
spinning,electricity,finish,0.0015310024775368857
spinning,electricity,gsm,0.011708795085320306
spinning,electricity,log_mass,-0.0033053136222289782
spinning,electricity,log_units,0.0003893157047877849
spinning,electricity,n_dye,0.0005988299917624729
spinning,electricity,ne,0.16915986326280522
spinning,electricity,route,0.0004519465173453086
spinning,electricity,stage,0.0
spinning,electricity,unit_mass,0.003928257540815355
wet,heat,category,-0.0002079239575271008
wet,heat,country,0.0003310181233796561
wet,heat,depth,0.01920881106531288
wet,heat,dye_acid,0.0015512868060096774
wet,heat,dye_disperse,0.038141281996236356
wet,heat,dye_reactive,0.0010051158305117713
wet,heat,dye_vat_indigo,0.20512681318326775
wet,heat,finish,0.00040300846357330664
wet,heat,gsm,-0.00542740038655094
wet,heat,log_mass,0.005045984376887103
wet,heat,log_units,0.0020360199252140387
wet,heat,n_dye,0.025807790181194945
wet,heat,ne,-0.0014931187923342914
wet,heat,route,-0.00042285499984866525
wet,heat,stage,0.0
wet,heat,unit_mass,0.0013699398888701753
wet,water,category,-2.2982575254371086e-05
wet,water,country,-0.01089828726690879
wet,water,depth,0.033745168212317565
wet,water,dye_acid,0.013703978269590222
wet,water,dye_disperse,0.03906233828601069
wet,water,dye_reactive,0.06577747573347881
wet,water,dye_vat_indigo,0.1364347089025363
wet,water,finish,-0.0007495637439248859
wet,water,gsm,-0.004557107827117063
wet,water,log_mass,-0.004429324140434831
wet,water,log_units,-0.005366843486054906
wet,water,n_dye,0.017887716222862938
wet,water,ne,-0.004255549584493301
wet,water,route,5.079707459026972e-06
wet,water,stage,0.0
wet,water,unit_mass,-0.004380635406307121
