stage,quantity,protocol,model,n,MAE,RMSE,MAPE,R2_log,vs_observed_MAPE,conformal_cov90,conformal_width_ratio
spinning,electricity,P1_unseen_facility,default,997,1.5283979194241983,1.7648538554893893,0.6434114551240055,-0.24427018660549482,0.674723858240099,,
spinning,electricity,P1_unseen_facility,group_median,997,0.7476512683282888,1.203905162125351,0.2741009944085867,0.5377539678101598,0.3057126592248678,,
spinning,electricity,P1_unseen_facility,ridge,997,0.6751424405237606,0.9743308590259048,0.22568906265964353,0.6675443006068695,0.24797231269477918,,
spinning,electricity,P1_unseen_facility,rf,997,0.5084037117389119,0.8136445232218581,0.16419978560048817,0.8139628834578629,0.1902094457115201,,
spinning,electricity,P1_unseen_facility,hgb,997,0.5504138472342014,0.8504363174041425,0.17892008541238374,0.7855136812602137,0.20445195681883116,,
spinning,electricity,P1_unseen_facility,mlp,997,0.6966749323953646,1.0557346462997923,0.21619540099514623,0.6678582280056748,0.24135946736869754,,
spinning,electricity,P1_unseen_facility,hgb_fe,997,0.5504138472342014,0.8504363174041425,0.17892008541238374,0.7855136812602137,0.20445195681883116,0.894284920574791,2.1894614334710694
spinning,electricity,P2_seen_facility,default,997,1.5283979194241983,1.7648538554893893,0.6434114551240055,-0.24427018660549482,0.674723858240099,,
spinning,electricity,P2_seen_facility,group_median,997,0.7367824027063082,1.1969759223100689,0.26921341879704364,0.549752280117631,0.30054775473055656,,
spinning,electricity,P2_seen_facility,ridge,997,0.5773517336908903,0.8807391146992974,0.1954348871008155,0.7520644933132847,0.22145452939880225,,
spinning,electricity,P2_seen_facility,rf,997,0.488472200112063,0.7821227860106106,0.1568241447090564,0.8292519240852089,0.1836478071647597,,
spinning,electricity,P2_seen_facility,hgb,997,0.521514004895862,0.8162320118649138,0.16887865778107153,0.8070036211416596,0.19471151591287453,,
spinning,electricity,P2_seen_facility,mlp,997,0.5755437304404482,0.9091746233802441,0.18623384995277967,0.7672071982532667,0.2132233990575574,,
spinning,electricity,P2_seen_facility,hgb_fe,997,0.3829788315597548,0.5475118785683198,0.12626006326226732,0.8983708072293473,0.15311227115535594,0.9117336683417084,1.708889061538795
fabric,electricity,P1_unseen_facility,default,1423,1.9250169331427605,2.1533254400290684,2.1854146578478244,-0.05688597755945857,2.194972315618272,,
fabric,electricity,P1_unseen_facility,group_median,1423,0.5447271026874002,0.8214877328755782,0.2304368286230415,0.9445966227262318,0.2503963859861563,,
fabric,electricity,P1_unseen_facility,ridge,1423,0.5121201825089636,0.7641336868491632,0.2198125393017154,0.9480678003208184,0.23736162726834256,,
fabric,electricity,P1_unseen_facility,rf,1423,0.4484655963354119,0.69567931457742,0.20521438187647809,0.9519041841468401,0.22397239493419302,,
fabric,electricity,P1_unseen_facility,hgb,1423,0.48252307704752206,0.7214502933489069,0.2187935325559054,0.9476843622978854,0.23703007733541845,,
fabric,electricity,P1_unseen_facility,mlp,1423,0.56138164907505,0.8929360163920366,0.24379005715476718,0.9347957171952589,0.2627030419943788,,
fabric,electricity,P1_unseen_facility,hgb_fe,1423,0.48252307704752206,0.7214502933489069,0.2187935325559054,0.9476843622978854,0.23703007733541845,0.875891056348744,2.615860272757555
fabric,electricity,P2_seen_facility,default,1423,1.9250169331427605,2.1533254400290684,2.1854146578478244,-0.05688597755945857,2.194972315618272,,
fabric,electricity,P2_seen_facility,group_median,1423,0.5168844880791555,0.795640785796523,0.21620708726910162,0.9493041540888594,0.23727626569615912,,
fabric,electricity,P2_seen_facility,ridge,1423,0.4020767319448627,0.6053179597260524,0.1731656657462757,0.9657129846386845,0.19210593443494456,,
fabric,electricity,P2_seen_facility,rf,1423,0.3714775240438403,0.5934177036036161,0.1643892921936261,0.9664264645736403,0.18453720927501926,,
fabric,electricity,P2_seen_facility,hgb,1423,0.4058504891580231,0.6221431715410188,0.17639190296538038,0.9629913184842172,0.195809823303134,,
fabric,electricity,P2_seen_facility,mlp,1423,0.4249082438160631,0.6706933167908872,0.18056738730069635,0.9607010153362172,0.20123781662355125,,
fabric,electricity,P2_seen_facility,hgb_fe,1423,0.340379643993382,0.5193435666788552,0.12877556370135987,0.9804862590736815,0.1515241459874122,0.9002075611564122,1.7234609045319829
wet,electricity,P1_unseen_facility,default,1547,0.34233508659657513,0.4362000060304616,0.32412255880658225,-0.01676212499020524,0.3559106837004811,,
wet,electricity,P1_unseen_facility,group_median,1547,0.34810735890545,0.43363453366387494,0.3578701259824121,-0.07854127319086901,0.3922943139021245,,
wet,electricity,P1_unseen_facility,ridge,1547,0.3698386731237405,0.4626227342967795,0.3666470290391035,-0.21675730778418245,0.3979538851115121,,
wet,electricity,P1_unseen_facility,rf,1547,0.38115259746792846,0.48166182266464386,0.37315666154416427,-0.3188818212239828,0.4049928895372301,,
wet,electricity,P1_unseen_facility,hgb,1547,0.3987251796216903,0.5020691522657621,0.3941744882232119,-0.44310222388141085,0.4267267740753914,,
wet,electricity,P1_unseen_facility,mlp,1547,0.3848805215359333,0.48203428893496625,0.38305295637142633,-0.336631788827634,0.417135788141367,,
wet,electricity,P1_unseen_facility,hgb_fe,1547,0.3987251796216903,0.5020691522657621,0.3941744882232119,-0.44310222388141085,0.4267267740753914,0.8914333437728363,4.602555748795899
wet,electricity,P2_seen_facility,default,1547,0.34233508659657513,0.4362000060304616,0.32412255880658225,-0.01676212499020524,0.3559106837004811,,
wet,electricity,P2_seen_facility,group_median,1547,0.3407336050251757,0.42463683123703483,0.3478898130816161,-0.030337108985437844,0.3821273678546961,,
wet,electricity,P2_seen_facility,ridge,1547,0.3252149036048468,0.40846419954535723,0.32141879631035775,0.06636849182550575,0.3541089279522777,,
wet,electricity,P2_seen_facility,rf,1547,0.33564749589040976,0.4243896691079385,0.33050618539786875,-0.00498701575980065,0.36450125285918183,,
wet,electricity,P2_seen_facility,hgb,1547,0.3587868836973737,0.45376080685324266,0.3555795067886327,-0.16173710914455697,0.3880257887646767,,
wet,electricity,P2_seen_facility,mlp,1547,0.3418932030070515,0.4341553970340569,0.3382485603895235,-0.05683960497730789,0.37279049544766923,,
wet,electricity,P2_seen_facility,hgb_fe,1547,0.354960139281734,0.4480026819351124,0.34709062454171924,-0.0629574181748156,0.37978061659330037,0.8972272679820442,3.6426249646517674
garment,electricity,P1_unseen_facility,default,1354,2.22317597511436,2.663196561875167,1.3171276659451463,-0.08294916472165559,1.3361439677578848,,
garment,electricity,P1_unseen_facility,group_median,1354,0.7158347178038215,1.1346246372509485,0.22446658234644695,0.9077190870165411,0.24475880238903794,,
garment,electricity,P1_unseen_facility,ridge,1354,0.5898769264825124,0.9111280847615648,0.17999353995598968,0.9426054341511315,0.19998880284088968,,
garment,electricity,P1_unseen_facility,rf,1354,0.5926862725676658,0.9342776641994939,0.18426801167100662,0.9380997292361514,0.20391695951446728,,
garment,electricity,P1_unseen_facility,hgb,1354,0.6268796780861667,0.9963813721713681,0.19933899408264733,0.9272562252941335,0.2178496629655631,,
garment,electricity,P1_unseen_facility,mlp,1354,0.668087847741378,1.0465044019890852,0.20727372707422992,0.9221298811910131,0.2279764008675031,,
garment,electricity,P1_unseen_facility,hgb_fe,1354,0.6268796780861667,0.9963813721713681,0.19933899408264733,0.9272562252941335,0.2178496629655631,0.8989082233959594,2.2942782833958164
garment,electricity,P2_seen_facility,default,1354,2.22317597511436,2.663196561875167,1.3171276659451463,-0.08294916472165559,1.3361439677578848,,
garment,electricity,P2_seen_facility,group_median,1354,0.7203321422717811,1.1376234355887893,0.22576675481866215,0.9072500992261178,0.2459510538340553,,
garment,electricity,P2_seen_facility,ridge,1354,0.5632213277987039,0.878701660653593,0.1709352043620266,0.9474540322864572,0.19068927052239018,,
garment,electricity,P2_seen_facility,rf,1354,0.590890742844205,0.9347718359398558,0.18135464287748437,0.9400889915792638,0.20141121732561695,,
garment,electricity,P2_seen_facility,hgb,1354,0.6196302447232218,0.9788182437845673,0.19146169900632176,0.9335168506678289,0.21083173772950978,,
garment,electricity,P2_seen_facility,mlp,1354,0.6403486129121296,1.016587089926579,0.1957283432158342,0.9295797643359311,0.2168470962707707,,
garment,electricity,P2_seen_facility,hgb_fe,1354,0.43548896620717137,0.7060863552634988,0.1314121851442689,0.9665242985737797,0.1532581587074914,0.8877326773267733,1.7042066631952935
wet,heat,P1_unseen_facility,default,1568,12.379130290216777,16.326611794586395,0.5945638066053589,-4.353984885852036e-05,0.6317530133079502,,
wet,heat,P1_unseen_facility,group_median,1568,10.011163568458832,13.62831553566045,0.38870019035754405,0.43606765490091326,0.4260236595497271,,
wet,heat,P1_unseen_facility,ridge,1568,10.885553747493963,14.494889085400105,0.43261462693434516,0.38169208025933155,0.47047512081218723,,
wet,heat,P1_unseen_facility,rf,1568,11.183808236500797,15.21212643203677,0.4300300347793027,0.3619643510126366,0.46399569316278294,,
wet,heat,P1_unseen_facility,hgb,1568,11.323418920481496,15.4438780393433,0.435956363766837,0.33666500138189437,0.47246572854135716,,
wet,heat,P1_unseen_facility,mlp,1568,12.253699575398453,16.538473329317025,0.47913622581462223,0.256785020759565,0.512546101196849,,
wet,heat,P1_unseen_facility,hgb_fe,1568,11.323418920481496,15.4438780393433,0.435956363766837,0.33666500138189437,0.47246572854135716,0.8746201827990966,5.228011766418684
wet,heat,P2_seen_facility,default,1568,12.379130290216777,16.326611794586395,0.5945638066053589,-4.353984885852036e-05,0.6317530133079502,,
wet,heat,P2_seen_facility,group_median,1568,9.552488493923612,13.092303851665514,0.3683030503797305,0.47833146050122777,0.40483100273011363,,
wet,heat,P2_seen_facility,ridge,1568,8.046164078057064,10.801372240396363,0.30537755004123207,0.6484433165855468,0.3414174542026294,,
wet,heat,P2_seen_facility,rf,1568,8.148077183359398,11.125161875642915,0.3060448497084599,0.6426453872962523,0.33968942453880946,,
wet,heat,P2_seen_facility,hgb,1568,8.534619719530586,11.718223212985624,0.32080443007033815,0.606982563223633,0.35477913162463703,,
wet,heat,P2_seen_facility,mlp,1568,8.486796933395773,11.629797043490312,0.3178886683662591,0.6061351687238945,0.351370116197602,,
wet,heat,P2_seen_facility,hgb_fe,1568,6.98069795775948,10.12254800361515,0.24211040558730265,0.7654372573539233,0.27365691734989334,0.8552308662827375,2.3530936137868856
wet,water,P1_unseen_facility,default,1556,0.040210053700690515,0.04724158498284878,0.9602978907917202,-0.6354987780841805,0.9952222938999904,,
wet,water,P1_unseen_facility,group_median,1556,0.02232259981094487,0.031380123401590444,0.31762369273739927,0.5147758421152796,0.3461195634083093,,
wet,water,P1_unseen_facility,ridge,1556,0.02061687309013727,0.028515868403223697,0.2960206712739359,0.6214715385050429,0.3270783159034181,,
wet,water,P1_unseen_facility,rf,1556,0.020209397300077245,0.02846867318978949,0.2838752723967509,0.6334066455981944,0.3128613331840821,,
wet,water,P1_unseen_facility,hgb,1556,0.02212648757666242,0.030628976809009452,0.3137449668536072,0.5692397337627344,0.3420888714919492,,
wet,water,P1_unseen_facility,mlp,1556,0.02284902621231082,0.03093022096397522,0.3350363448261293,0.5167824024640224,0.3661292050748832,,
wet,water,P1_unseen_facility,hgb_fe,1556,0.02212648757666242,0.030628976809009452,0.3137449668536072,0.5692397337627344,0.3420888714919492,0.89372283368964,3.4762816433257604
wet,water,P2_seen_facility,default,1556,0.040210053700690515,0.04724158498284878,0.9602978907917202,-0.6354987780841805,0.9952222938999904,,
wet,water,P2_seen_facility,group_median,1556,0.021778385457891514,0.030522104573365665,0.3107095887901674,0.5377711017763291,0.33944864003301195,,
wet,water,P2_seen_facility,ridge,1556,0.01748854435720714,0.024465819462187576,0.2501611292349247,0.7126603737555668,0.28101441946687383,,
wet,water,P2_seen_facility,rf,1556,0.01791004900804956,0.025166415997047067,0.25367640437899647,0.7053969272224665,0.2826387773052915,,
wet,water,P2_seen_facility,hgb,1556,0.018593529140945843,0.0260227847536551,0.262544753940846,0.6870983733626446,0.29169789107618255,,
wet,water,P2_seen_facility,mlp,1556,0.018695762590510923,0.025987178338296443,0.26787489786049545,0.6753640365596473,0.29902172181442255,,
wet,water,P2_seen_facility,hgb_fe,1556,0.015728813706993895,0.022656833798556292,0.22455751621418021,0.7725692519597208,0.25344568654642863,0.9010079149146673,2.412630981187349
