factor,affected_passports,affected_share,impact_query_ms,targeted_recompute_ms,full_recompute_ms,exact_match,missed,superfluous
fac:fibre_gwp:cotton_conv,514,0.257,34.982999990461394,25.613500009058043,20.213900003000163,True,0,0
fac:fibre_gwp:cotton_org,179,0.0895,13.987700003781356,28.931599998031743,43.31389999424573,True,0,0
fac:fibre_gwp:cotton_rec,135,0.0675,13.512399993487634,17.731100000673905,27.438399993116036,True,0,0
fac:fibre_gwp:elastane,343,0.1715,17.408099985914305,24.80120000836905,52.249600004870445,True,0,0
fac:fibre_gwp:lyocell,75,0.0375,14.81610001064837,24.724600007175468,37.38159999193158,True,0,0
fac:fibre_gwp:pa_virgin,237,0.1185,13.67010000103619,13.514300007955171,11.205600007087924,True,0,0
fac:fibre_gwp:pes_rec,265,0.1325,8.351500000571832,9.948699997039512,27.181999990716577,True,0,0
fac:fibre_gwp:pes_virgin,215,0.1075,16.98949999990873,18.215699994470924,25.524800003040582,True,0,0
fac:fibre_gwp:viscose,181,0.0905,6.980299993301742,42.018399995868094,39.73019999102689,True,0,0
fac:fibre_gwp:wool,122,0.061,9.582400001818314,19.854599988320842,49.77070000313688,True,0,0
fac:grid:BD,1073,0.5365,111.21420000563376,24.48799999547191,27.508599989232607,True,0,0
fac:grid:CN,1495,0.7475,105.30900000594556,30.745800002478063,33.51979999570176,True,0,0
fac:grid:IN,961,0.4805,83.22130001033656,24.8011000076076,30.696999994688667,True,0,0
fac:grid:IT,477,0.2385,21.31050000025425,53.94040000101086,26.892900001257658,True,0,0
fac:grid:PK,599,0.2995,28.634700007387437,16.53029999579303,31.55739999783691,True,0,0
fac:grid:PT,241,0.1205,40.4316999920411,27.674800003296696,28.19660000386648,True,0,0
fac:grid:TR,689,0.3445,41.21350000787061,26.062700009788387,49.632399997790344,True,0,0
fac:grid:VN,752,0.376,53.716499998699874,31.31730000313837,34.13519999594428,True,0,0
fac:transport:air,47,0.0235,4.865499999141321,23.766300000716,30.52190000016708,True,0,0
fac:transport:road,2000,1.0,211.75750000111293,37.19689999707043,35.15799999877345,True,0,0
fac:transport:sea,2000,1.0,76.8921999988379,21.882600005483255,18.303600008948706,True,0,0
