mech,r,method,seed,realised,MAPE,E_MAPE,cov,IS
MCAR,0.0,M2,1.5,0.074125,0.13935015463578673,0.14828404989384503,0.4645,0.6203392413095766
MCAR,0.0,M2c,1.5,0.074125,0.13935015463578673,0.14828404989384503,0.89825,0.8385605085962471
MCAR,0.0,M3,1.5,0.074125,0.13254919689298872,0.1271138707896175,0.8075,0.5045648927103508
MCAR,0.0,M3-noML,1.5,0.074125,0.13836615651250564,0.14459945123390588,0.827,0.5937301918512672
MCAR,0.1,M2,1.5,0.16554166666666664,0.14714647432831257,0.16721836860313727,0.44975,0.7347634488048469
MCAR,0.1,M2c,1.5,0.16554166666666664,0.14714647432831257,0.16721836860313727,0.8987499999999999,0.8848468457152494
MCAR,0.1,M3,1.5,0.16554166666666664,0.13225522308167137,0.12723288525422566,0.81175,0.49955412797781584
MCAR,0.1,M3-noML,1.5,0.16554166666666664,0.14671577509988126,0.16337026269332228,0.831,0.7322607276084627
MCAR,0.2,M2,1.5,0.25783333333333336,0.1543833600299605,0.1826866878465463,0.427,1.0031302384543133
MCAR,0.2,M2c,1.5,0.25783333333333336,0.1543833600299605,0.1826866878465463,0.8965000000000001,0.9379099090041438
MCAR,0.2,M3,1.5,0.25783333333333336,0.13202592953136433,0.12586702302181701,0.8160000000000001,0.5034625919505162
MCAR,0.2,M3-noML,1.5,0.25783333333333336,0.1541254818908085,0.18017486318438053,0.839,0.8910969195273586
MCAR,0.3,M2,1.5,0.35229166666666667,0.16114538946331247,0.20118545467436616,0.40925,1.224111482624616
MCAR,0.3,M2c,1.5,0.35229166666666667,0.16114538946331247,0.20118545467436616,0.895,0.9865197962893816
MCAR,0.3,M3,1.5,0.35229166666666667,0.1300525886592853,0.12554794146871412,0.81825,0.5006813943286776
MCAR,0.3,M3-noML,1.5,0.35229166666666667,0.16000144980476033,0.19738968546920982,0.85075,1.0223872470434932
MCAR,0.4,M2,1.5,0.444375,0.17101681098120608,0.21929374720600095,0.38775000000000004,1.5671552173813161
MCAR,0.4,M2c,1.5,0.444375,0.17101681098120608,0.21929374720600095,0.88775,1.0326227958284286
MCAR,0.4,M3,1.5,0.444375,0.1284671423244066,0.12398803564527978,0.8345,0.5066038094622787
MCAR,0.4,M3-noML,1.5,0.444375,0.1679593503546803,0.21365190700255876,0.8580000000000001,1.1413446230314557
MCAR,0.5,M2,1.5,0.5349583333333334,0.17772932362817595,0.2319196061430826,0.36724999999999997,1.8254106850261977
MCAR,0.5,M2c,1.5,0.5349583333333334,0.17772932362817595,0.2319196061430826,0.8899999999999999,1.0684802533945872
MCAR,0.5,M3,1.5,0.5349583333333334,0.12994998940110689,0.12653179979073315,0.83725,0.506285520049398
MCAR,0.5,M3-noML,1.5,0.5349583333333334,0.17700899617502272,0.23037173362392874,0.86075,1.2570614742038113
MCAR,0.6,M2,1.5,0.6296666666666666,0.18402298066433748,0.24722304409905738,0.34575,2.0517486162522403
MCAR,0.6,M2c,1.5,0.6296666666666666,0.18402298066433748,0.24722304409905738,0.88575,1.106679132782952
MCAR,0.6,M3,1.5,0.6296666666666666,0.1276337955941267,0.12458935951463918,0.84,0.5073779184497544
MCAR,0.6,M3-noML,1.5,0.6296666666666666,0.1838092984068153,0.24614445083677294,0.8674999999999999,1.3615508735004425
MNAR,0.0,M2,1.5,0.074125,0.13935015463578673,0.14828404989384503,0.4645,0.6203392413095766
MNAR,0.0,M2c,1.5,0.074125,0.13935015463578673,0.14828404989384503,0.89825,0.8385605085962471
MNAR,0.0,M3,1.5,0.074125,0.13254919689298872,0.1271138707896175,0.8075,0.5045648927103508
MNAR,0.0,M3-noML,1.5,0.074125,0.13836615651250564,0.14459945123390588,0.827,0.5937301918512672
MNAR,0.1,M2,1.5,0.16562500000000002,0.14559657173188353,0.1654832853004901,0.45325,0.7009247929943332
MNAR,0.1,M2c,1.5,0.16562500000000002,0.14559657173188353,0.1654832853004901,0.905,0.8821614087901379
MNAR,0.1,M3,1.5,0.16562500000000002,0.13230116840704484,0.12735148271463057,0.8200000000000001,0.49914863992710967
MNAR,0.1,M3-noML,1.5,0.16562500000000002,0.1433959378259433,0.15961789577920385,0.85225,0.7410104033740531
MNAR,0.2,M2,1.5,0.26008333333333333,0.1510167601022609,0.18070693639550522,0.43674999999999997,0.8971484020748896
MNAR,0.2,M2c,1.5,0.26008333333333333,0.1510167601022609,0.18070693639550522,0.91475,0.9225642894981267
MNAR,0.2,M3,1.5,0.26008333333333333,0.13167484782779332,0.1276808507916073,0.8180000000000001,0.5042076683135309
MNAR,0.2,M3-noML,1.5,0.26008333333333333,0.14814865532006177,0.17460588709384303,0.8732500000000001,0.9029354627298904
MNAR,0.3,M2,1.5,0.352,0.15655383816180224,0.1968752665335068,0.40725,1.2391436696268092
MNAR,0.3,M2c,1.5,0.352,0.15655383816180224,0.1968752665335068,0.9235,0.9606970651771954
MNAR,0.3,M3,1.5,0.352,0.12847855801328256,0.12889598700086607,0.836,0.5053010965511096
MNAR,0.3,M3-noML,1.5,0.352,0.1543220999769055,0.19281000193988898,0.8927499999999999,1.0734378883911235
MNAR,0.4,M2,1.5,0.44733333333333336,0.16354613122432846,0.21251582464802096,0.38325,1.5279617492254043
MNAR,0.4,M2c,1.5,0.44733333333333336,0.16354613122432846,0.21251582464802096,0.9245000000000001,1.0018135505724945
MNAR,0.4,M3,1.5,0.44733333333333336,0.1263784646971487,0.12635824413674074,0.84175,0.5170630101413705
MNAR,0.4,M3-noML,1.5,0.44733333333333336,0.1603474878705155,0.20787961318448522,0.913,1.2906153933881939
MNAR,0.5,M2,1.5,0.5391666666666667,0.17008692137756826,0.22785838781118892,0.36424999999999996,1.833316531758574
MNAR,0.5,M2c,1.5,0.5391666666666667,0.17008692137756826,0.22785838781118892,0.9335,1.036281129995495
MNAR,0.5,M3,1.5,0.5391666666666667,0.12250054830403767,0.12836195582281423,0.84975,0.5035790998810328
MNAR,0.5,M3-noML,1.5,0.5391666666666667,0.1664764556728347,0.223015999402868,0.9312499999999999,1.5416974987506364
MNAR,0.6,M2,1.5,0.61975,0.17232528715506207,0.23668007920330247,0.366,1.9274068645987894
MNAR,0.6,M2c,1.5,0.61975,0.17232528715506207,0.23668007920330247,0.9359999999999999,1.0745431607426712
MNAR,0.6,M3,1.5,0.61975,0.12273728970893154,0.12975932673572246,0.8525,0.5040556888559105
MNAR,0.6,M3-noML,1.5,0.61975,0.16943961217604797,0.23091472652739767,0.9417500000000001,1.8427743603019358
