group,lo,med,hi,truth,relw,covered
BR1|2025-02,280149.3601484109,297507.28960437747,313901.860627056,277871.37306352245,0.11345100324610151,False
BR1|2025-03,520325.34552917856,547609.4601255974,575853.1111399683,494182.8164947375,0.1014003037822869,False
BR1|2025-04,730425.3903907501,778376.0709246814,842175.4023205475,736376.680977968,0.14356814925854872,True
BR1|2025-05,506881.9287373894,528503.5107834364,553902.9451414957,499335.46002430015,0.08897011173001265,False
BR1|2025-06,552494.7979477206,578660.5683372791,615058.7273033408,531411.5747773474,0.10811852885602886,False
BR1|2025-07,415042.18182439636,473198.4437801421,568467.2901684921,397593.3439072681,0.3242299512197472,False
BR1|2025-08,671420.0954261463,703382.9266260763,739502.0983518419,652386.520504934,0.09679223129891028,False
BR1|2025-09,526844.3907278442,564246.1313951364,623662.9049219405,529112.8858171583,0.17158915020774013,True
BR1|2025-10,402324.5719070721,418967.1155603718,437384.6819659121,383111.1439085044,0.0836822479777365,False
BR1|2025-11,538669.5653171942,561426.5376849025,590159.877039111,477543.0012610241,0.09171335564977412,False
BR1|2025-12,274165.25705123105,304647.72633991163,351228.30943459156,285770.4862649795,0.2529579107949001,True
BR2|2025-01,19541.29731507011,23951.544970517403,30473.532497727236,20426.868221872344,0.456431315646398,True
BR2|2025-02,449390.51604972046,493643.7649175258,555238.3153002353,505245.3275374556,0.2144214244622315,True
BR2|2025-03,392203.6863056094,409706.42934541125,431021.02304334077,378296.22458012786,0.09474427042736402,False
BR2|2025-04,517922.1092847837,539119.5437653228,565339.4219290423,516048.91052262683,0.08795324375200027,False
BR2|2025-05,555872.8975203349,581483.1686390953,618568.0745314757,565163.8566944391,0.10781941832963574,True
BR2|2025-06,561277.8836793387,594288.2662603236,633562.2695403225,578373.6569172787,0.1216318577444706,True
BR2|2025-07,619843.1232805252,645707.2992257206,676874.5574276414,621455.6611467489,0.08832397313071043,True
BR2|2025-08,582246.5502842808,615328.3924892556,666268.7292912169,553095.1535431347,0.1365485162598007,False
BR2|2025-09,441934.58552672644,477863.2545449544,541871.695028398,437088.29409235343,0.20913327934544096,False
BR2|2025-10,423778.4206929609,447533.3665033616,478599.9506519995,417976.6610338896,0.12249707856950776,False
BR2|2025-11,534917.2222987366,567782.2441458169,620245.1495868703,527671.3689105591,0.15028283847886584,False
BR2|2025-12,177892.08267618113,193180.50869033654,211518.61506788194,186976.5738490487,0.17406793583716712,True
BR3|2025-01,6436.559139224354,7960.458350019767,10055.67908775342,7984.11008535331,0.45463713135564354,True
BR3|2025-02,484685.8964790713,514518.5838902893,555942.0077237295,482453.02655640827,0.13849084071150305,False
BR3|2025-03,731022.6857978775,764608.6966249971,802984.4320365763,730198.8047917782,0.09411578308792443,False
BR3|2025-04,473657.18264698645,499522.70392129396,529313.5648985958,471894.9640332553,0.11141912432548554,False
BR3|2025-05,659510.3365397571,695530.5487727919,749563.901049164,656774.4046807111,0.12947463582771346,False
BR3|2025-06,575841.883010448,613316.7449980441,682424.632217116,546325.3947570003,0.1737809216459725,False
BR3|2025-07,540484.3422473073,572253.2614426999,615707.2185944951,537841.840630989,0.13145032351155922,False
BR3|2025-08,469515.0990595692,493088.29377978883,523706.93344873545,450038.6488915465,0.10990290191997158,False
BR3|2025-09,515900.2805704881,539940.1705482167,572202.7990480439,510971.11310698825,0.10427547633729543,False
BR3|2025-10,507301.2497871521,529318.9090837896,559965.0149764946,473973.4204626291,0.09949345146293645,False
BR3|2025-11,430956.40067185054,452243.1993952668,480159.9169492652,413119.4378417176,0.10879879751250861,False
BR3|2025-12,147295.88292800655,168259.05061978323,199128.82835433405,152737.84097874246,0.30805442700051217,True
BR4|2025-02,313054.6502755991,332819.3126025223,357178.7369691038,325498.07386746135,0.13257670159964843,True
BR4|2025-03,712261.7313429569,736569.8901917266,763898.5278867757,715806.0542761992,0.07010440859913225,True
BR4|2025-04,461925.0897244718,493592.40734433196,540364.6883632876,425382.19773951266,0.1589157318299186,False
BR4|2025-05,461189.62660925405,487663.7512159922,521269.08913661237,448485.6535549637,0.12319854075179847,False
BR4|2025-06,464051.87986526504,485259.8878617706,512299.9189292996,426260.6234439739,0.09942721471711319,False
BR4|2025-07,482328.0144131478,515011.51318892185,563097.8940221543,465721.48670348746,0.15683121161483163,False
BR4|2025-08,385732.8872579001,404031.45344570145,429948.2908728829,380261.05979155214,0.10943554824234737,False
BR4|2025-09,494615.1683740317,523800.7019386109,565829.7482305059,525210.9664584028,0.13595739675969437,True
BR4|2025-10,614464.5197279128,646596.09224067,684989.1289953628,602414.795791941,0.10907057761988441,False
BR4|2025-11,370250.1633236493,392458.9175304341,423952.3176993835,354570.2152746677,0.13683509783306097,False
BR4|2025-12,118901.81437569104,128338.7609496151,141982.01570223641,134314.50127839917,0.17983811870839628,True
