variant_id,gwp_kg,aware_kg,energy_kg,chem_intensity,virgin,waste_ratio
V0001,12.360068177706605,101.49471677476403,21.404739864255447,0.8104302959258476,1.0,0.34247610328504335
V0002,10.877391038302012,144.03239944759437,19.120387721321123,0.7020942163064118,1.0,0.4157155750952283
V0003,11.241653378938608,113.13165588260401,18.243480097741646,0.7542154625761852,1.0,0.3235911207270988
V0004,10.734796383837665,139.68688359631136,15.064619921151017,0.9351578585089854,1.0,0.4019104608547944
V0005,12.634952420192555,210.91728730183866,19.31821432892731,0.6507786574733058,1.0,0.3527110044711121
V0006,11.977446724392115,126.77816833978676,19.529434813986775,0.7243138034440374,1.0,0.5452178100184033
V0007,12.59044338344836,143.70952532897238,21.639140140037377,0.8530824518138707,1.0,0.42903467177811105
V0008,10.745249382055457,137.38894831096337,15.854731744519796,0.9534241884766207,1.0,0.3323263079583406
V0009,13.76671772065191,151.10298203488634,25.19234696927642,0.9762595707869816,1.0,0.34122809353686545
V0010,11.491153164287182,122.54044343104131,21.613926656985743,0.6212866362770583,1.0,0.33638081551550747
V0011,13.76031351595629,117.70987825501051,20.992030698769014,0.5667395430800344,1.0,0.3399854048571159
V0012,11.223520817177128,172.8399521116524,20.20987091118523,1.1213314185445318,1.0,0.39177522282379734
V0013,8.971752059012124,120.05866255539942,18.30352744351434,0.7020285650564595,1.0,0.2875218536535597
V0014,9.565093274948628,122.63685490137715,22.899056525119835,0.7854827309414548,1.0,0.3709361680149969
V0015,9.747526337102988,155.9916989184398,20.98929841100286,0.6691179129565209,1.0,0.4359018116291148
V0016,12.259151919929996,187.31572903899314,20.314511834731217,0.7392979506298772,1.0,0.358558260857221
V0017,12.112069449306677,194.695337020799,22.06522074610961,0.52809628626712,1.0,0.3412251769224174
V0018,8.194073871090739,173.9323436076916,20.50193475178498,0.5314678411123378,1.0,0.2956639442059874
V0019,9.343622262106292,147.03072546377564,19.86906889360955,0.7013894076864816,1.0,0.36183665842473883
V0020,10.58256449267352,149.4056149535003,21.52912507432541,0.5387912412970173,1.0,0.37223778308837596
V0021,9.876372534608745,196.22276530122718,22.395965480492407,0.7804692860793098,1.0,0.34843108388282373
V0022,9.100241558824687,109.53133816062194,18.234757983543748,1.0192541133500586,1.0,0.3572067775246303
V0023,9.779174349649749,143.903733635551,22.46465343031537,0.8426009086924595,1.0,0.26788117037272263
V0024,10.252561527791295,159.9391265897953,22.442701830680782,1.1491576997821575,1.0,0.36153989817123905
V0025,13.517035860244814,85.2230323546118,23.44002748184379,0.6605932773817734,1.0,0.41800638548816377
V0026,13.483817419867101,81.10269380725262,20.6576096980189,0.45452696857474656,1.0,0.4266096567646809
V0027,12.979523487759996,108.4449288626373,20.339388463884195,0.9194099877185384,1.0,0.3344103023269903
V0028,13.839515301171632,100.30486888518777,20.111669954139312,0.5748408359331971,1.0,0.3130549219054415
V0029,12.377657498542725,104.1554293152155,20.584218112443008,0.9520108095429958,1.0,0.2798099434132939
V0030,13.309862511986756,79.28074104090472,21.144522267876667,0.5918947542850436,1.0,0.39162206154031665
V0031,13.499213766134574,90.23027369847516,21.473256476763176,0.8306740583655917,1.0,0.38491482338956684
V0032,15.760360082640306,70.7797942703857,26.19575310186606,0.8152141957499437,1.0,0.35317324655703575
V0033,13.310235801405543,101.87626040221505,26.576810668340332,1.0059779982051618,1.0,0.31251807617292787
V0034,14.602154177619223,96.70306712727914,23.50838110687015,0.7800664922862193,1.0,0.35685221116977156
V0035,15.44311031871587,84.10358974567275,28.006154227092942,0.8682919389728484,1.0,0.38920002586138236
V0036,14.570899868797513,75.14829716594792,25.29866528400113,0.9056281145948019,1.0,0.37130970893437265
V0037,9.159777023404278,129.1446796516737,17.967162956148844,0.6594966536868322,0.7,0.3238809688583974
V0038,9.401337393979258,78.75181663597408,15.426826779414888,0.8223245563921371,0.718565110550292,0.38142814719693435
V0039,12.78620057188326,108.98895807279634,19.708749822478904,0.5991747405809168,0.6999999999999998,0.3637426875330698
V0040,10.403465304008668,76.7247599292808,19.194354358376152,0.7353604033818785,0.7394589631168713,0.39141551927717355
V0041,9.92456552354435,117.73143484696925,20.003316731635355,0.5535095948211671,0.8861509164128514,0.35934191126562537
V0042,9.34331146883575,147.33720065837602,18.570491685263793,0.9412475686673952,0.7,0.31229953796231774
V0043,9.966239708212365,91.77871411807854,20.9376058569732,0.7420879966162757,0.7,0.3677119010494434
V0044,9.983507451700387,126.86093945811547,15.762300911579967,0.6104383304046566,0.7655804318802669,0.32472481114256857
V0045,8.773788500344281,132.39963683650333,18.37316555636906,1.0707806981350614,0.6999999999999998,0.35049352040356463
V0046,10.97095312469225,98.0828124534759,17.55305505457554,1.039786717441129,0.7000000000000001,0.3331878132845347
V0047,9.827328846033188,72.2960685841549,18.38797857805117,0.7019569440806187,0.7068888364614497,0.35471020158294947
V0048,10.122849516699771,64.93088156613018,18.214579820773327,0.8309873155464004,0.8101998042614197,0.34524791696975116
V0049,11.370124898564614,65.48084391075565,18.964307129668622,0.8295032707767316,0.5,0.3619905889781018
V0050,9.920444073296359,54.09519354507034,18.8191872797717,0.8108574064353865,0.5,0.3324633409686394
V0051,10.512531758829237,65.42823202600114,18.980148706034896,0.8456040578327485,0.5,0.31948261987637866
V0052,11.02970264584677,95.82133349454824,17.877762692979644,0.6102165789562477,0.519307029091718,0.39211132377101987
V0053,8.66017231722629,79.96747291590574,23.13097518368536,0.9045632264864788,0.5,0.37453720965766857
V0054,10.991440930577667,58.79868488471022,20.162078389170937,0.815760919529536,0.5,0.33161744829451734
V0055,10.299234080929121,79.94197035335841,22.440790332017006,0.9346593372814913,0.5,0.38186934573460346
V0056,9.625473400069012,67.16417033088557,19.661197631989623,0.6282282885461943,0.5,0.3774221494132576
V0057,12.20671206657763,68.25601099537441,23.934347446702784,0.7651638935467232,0.5,0.3622373002816252
V0058,10.902618696056877,69.38698916578252,21.624010292192445,0.7957675083751063,0.5,0.2984928414405949
V0059,9.917759507348109,79.58282941494038,19.742436601087512,0.9751010341990598,0.5,0.46790499663398777
V0060,10.683161219883333,74.74637848856639,17.78572257138324,0.7624280778441246,0.5,0.3943515293099262
V0061,11.10352072460753,142.749507147327,12.981012540906853,0.24430910296122366,1.0,0.4511842470063528
V0062,12.261653288400792,171.54791658831738,15.293494251088232,0.2778305459287137,1.0,0.3573961059285124
V0063,10.378680767264052,110.32172851332052,14.951727320747848,0.2930988282069823,1.0,0.34198552397173243
V0064,12.277956152657863,176.24238900889577,15.335151919510622,0.3879812609549028,1.0,0.38715695302190145
V0065,12.383048188367862,143.0243028521171,16.590810603032285,0.25577404069435933,1.0,0.3950112907408
V0066,9.963540617305153,85.67068242848104,12.945485583767619,0.2973165557192104,1.0,0.3276124650919564
V0067,12.479930331589035,117.23364316446867,15.796603382911815,0.31570401171904366,1.0,0.35635748160656655
V0068,10.240402625263286,165.07865698651938,14.197950291761611,0.34683986269446043,1.0,0.3540075194886783
V0069,10.648619717502317,137.78831462621287,14.023575591583347,0.3406272589115187,1.0,0.47463408184023637
V0070,11.074119451844743,103.50112838280556,16.492073624396227,0.350715713997968,1.0,0.36962190476178586
V0071,11.055023693570288,160.07727186448102,13.807449461020449,0.365973983124716,1.0,0.3428830812266805
V0073,7.927373016113942,103.64401728014276,15.852169330521347,0.2775461749868482,1.0,0.431464059670647
V0074,9.037923271913257,139.3811498753083,14.828713198270458,0.39077146672213453,1.0,0.40563571476623395
V0075,8.972711619703507,137.62402320916954,15.28975671100334,0.28795350040818335,1.0,0.40113808657763994
V0076,8.828708675419003,133.5873401063787,13.340879033748946,0.3684861134105127,1.0,0.38528683990704005
V0077,10.389300103549353,123.47933559896349,14.54026635251171,0.20766258470959095,1.0,0.4094995248151397
V0078,8.513452984724573,138.09524357710208,15.391940766456623,0.2192023010802776,1.0,0.37276870894469977
V0079,9.658229810110514,109.42009147617337,15.553557938507264,0.3113855226251827,1.0,0.39536517587962083
V0080,8.104431351307012,125.52569594198768,13.601131519611616,0.2698664572404493,1.0,0.28754523876971005
V0081,9.877764079395511,195.87437237832654,14.37232932103555,0.3504219131125492,1.0,0.39211480114200714
V0082,8.940476083866532,110.68278369626306,14.48417647636716,0.25461116381953,1.0,0.35348752959618684
V0084,7.291755559363833,133.70670555169917,13.376479083223506,0.43684556900191585,1.0,0.3657335148951781
V0085,10.752632629194268,135.40018386171639,14.236295746578117,0.3333569537511161,0.95000402567969,0.37163461685045507
V0086,10.99519670847675,87.323814785982,15.349696404704828,0.3398407408189444,0.8000000000000002,0.40175564825779925
V0087,10.98570703726654,103.9955466460756,14.506035135665403,0.26696779994325126,0.8030099904839113,0.3950976335412067
V0088,10.411473033233746,100.66235426347734,14.931583114224873,0.34123351538081825,0.8201013542359287,0.29291075664637245
V0089,10.076476901187846,147.0163806189626,12.785362741870333,0.3778041644970735,0.8000000000000002,0.3432158097086658
V0090,10.029008860093901,130.58789556545923,14.129236551702089,0.32021993709530344,0.8,0.39683884273273734
V0091,9.688121213170337,129.14749231336518,13.355500837184048,0.2710526735190273,0.8199635628570905,0.24985495533537674
V0092,11.288377209241357,110.86979480607474,16.662962963460796,0.2371451333721844,0.8,0.3235289442819137
V0093,9.831955428324259,116.58006946348699,16.000947941137078,0.25803907337463416,0.9274528187959148,0.36459436598010014
V0094,10.737717542230685,72.32247440642519,14.346512045958466,0.3752411098381729,0.8375614765542975,0.3225354316390178
V0095,10.421205770053568,77.06435546500782,14.387321471096227,0.3948578713535303,0.8000000000000002,0.34886137144707324
V0096,10.258443684354624,124.26056425554964,17.073750548287226,0.49837007153554863,0.8,0.3896837735148308
V0097,10.880140491602557,74.80950690166473,16.29627428857607,0.3463168159365377,0.7513132214335504,0.35241232605069844
V0098,10.442749078646418,87.70320070478257,16.491415429681055,0.31361944450209717,0.7714050701970161,0.3536968359545772
V0099,14.004463385522019,47.69971340669431,17.725717496565597,0.3527958772970372,0.8487105549712212,0.349540612165425
V0100,11.043266303840086,98.53809671461303,17.97626886469022,0.3534207405646809,0.72,0.3290339198345483
V0101,9.968691576217257,93.10650602317442,20.40590991505113,0.5228932605075881,0.72,0.38222440837819527
V0102,10.715183123225444,113.0172974062929,18.599846123585873,0.46902501400026025,0.7824211228859876,0.2579619716448945
V0103,14.210063706111896,91.43364351328448,24.63510312701389,0.31844393464867593,0.8152554530340073,0.39775003153173705
V0104,12.232771349883986,97.9343037181795,21.12325695629662,0.3233857047827611,0.8160355656448159,0.3613158091570082
V0105,11.32438175569482,71.01385429679534,17.580435261359547,0.3984928831112973,0.741494399009073,0.3904822353866666
V0106,12.197374671458125,100.2579302464628,18.101688334250543,0.5656141441924414,0.72,0.28706539982001245
V0108,11.945897379773063,95.97296332950779,23.06195085811874,0.4531691167724519,0.7507498638246751,0.3549533463751967
V0109,33.017041523136854,6.693553628209329,16.073463791489072,0.16684873946275489,1.0,0.2702367723088815
V0110,32.965539594063316,6.364025568488793,13.504928760101352,0.13503305098705728,1.0,0.3763893489447944
V0111,32.96031940967071,6.4610040222986775,13.968985258455058,0.15592558893891187,1.0,0.2820700168255435
V0112,27.92460531516001,7.8525536975820796,13.83457629690986,0.1661981596875323,1.0,0.26161705909308025
V0113,35.010500234328404,6.420384642526739,18.53572898130671,0.13662931004531698,1.0,0.35696126833500064
V0114,34.58940841036191,6.774510158603078,14.97405128443232,0.14652745731747288,1.0,0.26879911584844185
V0115,33.64143179564087,6.395848103212083,12.812247743937023,0.16089537749720464,1.0,0.2646219985954941
V0116,31.430687067970425,6.556205032672062,14.484020206151632,0.14868426217252897,1.0,0.277122343949368
V0117,32.18880448439324,6.546917006108553,16.71740807516379,0.20142881105063162,1.0,0.2857309122340387
V0118,34.80980716177782,6.482893108096398,13.155807430075882,0.12580856854056022,1.0,0.2350171345468061
V0119,35.55363747718763,6.701856703964909,16.222168859569994,0.20460657311210548,1.0,0.31006219508297095
V0121,20.77028552267643,3.3702724470885213,12.95651595214823,0.1360654035888575,1.0,0.17392006575436386
V0122,23.095385860206857,3.295954540070667,15.160935710212053,0.1354229740746634,1.0,0.18585647842107325
V0123,23.493821501233825,3.789663687207591,11.810702595035652,0.09157611830168838,1.0,0.20171362328557818
V0124,22.292861949583042,3.018306369296268,14.468711301150249,0.13514267182159026,1.0,0.16216692049475237
V0125,21.32302415497123,3.164065677909004,11.466017700381084,0.13291183193115763,1.0,0.17091498857731655
V0126,23.745642020600847,3.025776881532884,16.67246243370172,0.13197630022415688,1.0,0.14307935543930586
V0127,22.854362817763718,3.315689894665397,13.241092249925657,0.13695823991359554,1.0,0.1803151263514673
V0129,21.905188139921844,2.9898762847069515,14.6490919896241,0.2242792754528618,1.0,0.174785299754946
V0130,22.859384705128747,3.566435050111841,15.410063228280634,0.2173274744636362,1.0,0.15732066487407623
V0131,25.62228999106089,3.6436667558246683,14.684445211811799,0.15266235012326437,1.0,0.19241522955994333
V0132,23.013142800040587,3.2165681107602806,18.98258422104726,0.21164884634604667,1.0,0.20287874627251104
V0134,8.956560801129552,137.6202557278869,12.980483631932369,0.7663185739515006,1.0,0.3077367561707788
V0135,11.319472006393251,115.15876347158323,14.298012046731541,1.3222715100866422,1.0,0.29153852587383555
V0136,10.202611522223973,156.01410555814394,10.790062360555405,1.0140522099006328,1.0,0.3421006158300385
V0137,9.643410044769858,174.45241593898902,14.648937694676986,0.912005185967801,1.0,0.35651439354496356
V0138,9.547709242531784,85.49044489155149,13.596988872183017,0.6472226671279077,1.0,0.32882029815909747
V0139,10.505454399520689,148.0432975305389,18.262255254764398,0.7346231862037224,1.0,0.33375945164249626
V0140,9.528570456369591,105.74999911788284,13.901679936488803,0.6621944791913253,1.0,0.32328734393431413
V0141,10.802418871795176,125.48858074208127,20.272436732263067,0.8251737309289798,1.0,0.31064984987124084
V0142,9.587499215674768,117.67104743109917,16.02747462846871,0.7681119159533658,1.0,0.31539638370592077
V0143,9.460957275151241,125.82797594548947,17.018874859468788,0.9700264735058867,1.0,0.36193282810110355
V0144,11.107688575584032,118.74210028159223,17.841025968146045,0.8180770753013954,1.0,0.3568871742849426
V0145,11.662627733598057,0.7533647072545415,14.535947660266071,0.4801550854019177,1.0,0.1886496581962468
V0146,11.994630770220718,0.7783649118538051,15.94335101452522,0.6252954030098764,1.0,0.19897980758906395
V0147,12.560441822046116,0.7395518506145873,18.859297447594177,0.46795707320282814,1.0,0.19053672726351917
V0148,12.739276067213572,0.7893038156175197,14.239342274015938,0.5877559717880674,1.0,0.17627282339113987
V0149,11.253107802702786,0.9374385647419027,21.979842987276616,0.4844119367307041,1.0,0.17600039049570398
V0150,12.603599635374962,0.782109517249501,19.802990277404223,0.6186945003612356,1.0,0.20016214025261048
V0151,12.49146128444459,0.5925361811546435,16.87587260411432,0.3506131136060449,1.0,0.1389343378270327
V0152,13.009373982447787,1.0406260333319053,19.095262418475137,0.5088234388627032,1.0,0.16330938510163057
V0153,15.18341566572461,1.0831631472528507,20.971999212581153,0.682902153487817,1.0,0.20050130981048983
V0154,16.281711098063266,1.7411764426497052,22.759480103500728,0.5860940738056559,1.0,0.2665520274664938
V0155,11.740577075913786,0.8647019027048283,15.962287565161331,0.5569817156315728,1.0,0.15795525314533476
V0156,13.176374370038081,0.9546867772936665,18.8854351602105,0.68950480470742,1.0,0.17773604934447898
V0157,18.367924675917443,0.884006934554923,23.196038620483378,0.2033179966975745,1.0,0.25585179637598365
V0158,17.652933623185334,0.6344185499199079,24.828207882658308,0.14330351252068058,1.0,0.2447756486181564
V0159,16.7913790220273,0.7068904909528205,24.922028271361555,0.2121500308239352,1.0,0.2749315659976098
V0160,15.44702863906235,0.9162325919085031,20.273574329786495,0.2274386988073847,1.0,0.273880853132303
V0161,17.382295496157678,0.7469447323320088,24.41716969995136,0.20392938731261154,1.0,0.22973293069306489
V0162,17.838125299694525,0.8950001717932375,27.556809695273238,0.2309166937190337,1.0,0.29390362086566557
V0163,17.403333500910648,0.830300286361818,25.954459462399264,0.1963933083566221,1.0,0.22427391860021273
V0164,17.136983259261047,0.8187388916742462,26.77025562917577,0.19941354105742126,1.0,0.22744627364767206
V0165,17.983988529697317,0.9172994291410616,23.80330906517087,0.3374118110133028,1.0,0.28253803580143383
V0166,15.14181937002915,0.7645248119020178,25.50820104713302,0.25841081525082954,1.0,0.24199819123156152
V0167,16.207462065900625,0.9726908988151135,25.18177384699717,0.27606421688065635,1.0,0.19780709135695004
V0168,16.17622390925901,0.9523081305909818,24.815613194537026,0.2676860274105239,1.0,0.24404812947649238
V0169,14.229618767458208,0.5353035102136223,24.87741850994688,0.13731277766530994,0.0,0.2993597244827811
V0170,12.377345671974544,0.5673154833857919,23.47858659725783,0.2071290897816033,0.0,0.21207759664750597
V0171,12.403711931837558,0.5311753269685279,23.53625567850951,0.171855133856289,0.0,0.22791983517969144
V0172,12.150841371729955,0.7335591378335508,23.86161046305958,0.20808865380342928,0.0,0.2148520417100273
V0173,13.777279319599982,0.9178225864952189,24.64448301502125,0.16663122510686854,0.0,0.3239678142367782
V0174,13.0488722571184,0.6294682636705922,23.550282945536637,0.18869605956279004,0.0,0.3061323670428652
V0175,11.91929068961327,0.7419588976407927,26.649349312318215,0.1956477756107056,0.3890155869321386,0.2261763907353287
V0176,14.08105199781568,0.5618588245336741,26.47382183868045,0.16864275863053008,0.0,0.2742785374263299
V0177,15.079700461605448,0.7086061015523168,23.67777798763899,0.2686812922039276,0.24853714405240968,0.22846404614650698
V0178,12.131328830863493,0.5877630512223481,24.3444729019428,0.24639925541476,0.0,0.2156718722409793
V0179,14.876330644568316,0.9524634258602865,26.374400096656373,0.2568851135860669,0.0,0.2513790307924587
V0180,13.145639300626307,0.5662672582971991,23.58704914503351,0.20117234382363133,0.0,0.2439048747143455
V0181,17.832105719103314,0.4815248415896779,24.701583652747622,0.1443669265591224,1.0,0.24640513462774058
V0182,21.215043022435825,0.4594526412233722,28.37513853165343,0.14335902829409983,1.0,0.24492008083562547
V0183,22.978622706943636,0.5543931511939865,31.62810348470921,0.17410623867606156,1.0,0.3035513695805771
V0184,21.105807684048703,0.6663799545036824,24.036970685504098,0.1467157757626609,1.0,0.27427646085548596
V0185,22.362164198120475,0.9431177790287834,27.41514531547441,0.22025389933589679,1.0,0.25368340833598235
V0186,21.50850194770441,0.8017212373824432,24.569891635751798,0.18295565161520627,1.0,0.1906103500481289
V0187,20.565842176794327,0.3559720902743327,25.291871433236366,0.1887616887365753,1.0,0.29719755726768304
V0188,20.96924966803091,0.5043586990853113,25.051075120079787,0.19559595343513347,1.0,0.283518388343326
V0189,24.390954344813455,0.28784630687198914,33.580984715932274,0.2610784348871432,1.0,0.24144506686811487
V0190,19.516187361376048,0.41008765353802235,23.672105377642808,0.27454295232004455,1.0,0.2438766898966501
V0191,18.071555906239205,0.40581181629794727,25.226383364774943,0.20223118050259994,1.0,0.21845945827554203
V0192,21.14493732210713,0.3235370714696867,28.59920653788458,0.24089987599805368,1.0,0.2629980295866501
V0193,18.77542970716273,0.5063887597406473,30.954263993415616,0.21917762568391014,0.5,0.23427713360895247
V0194,16.08070815377973,0.8488996081018075,26.877631600449224,0.293444943905021,0.5,0.25392083718772535
V0195,19.065601910885107,0.9665383919336684,28.87208090992757,0.22907774473833123,0.5,0.202798446937564
V0196,15.76805070126965,0.5052003800581559,24.165437405871124,0.28101324521542226,0.5547306077832497,0.2843174620319734
V0197,18.97839753007899,0.9822673791844548,29.892142460042475,0.23542803984824842,0.5915760716167431,0.21768770825875697
V0198,16.817202750472056,0.5254120184628297,25.909031916854822,0.27866447751577433,0.5,0.2619285014355841
V0199,14.800490003960553,0.558541694182244,39.580381504320464,0.22640401135244773,0.5,0.2539524148997816
V0200,18.863213691706854,0.9321578633631838,31.230200957168723,0.2466647147533409,0.6740159747756181,0.2898936517019791
V0201,18.05962526121859,0.8009974680410973,33.95419008667536,0.3757331107487428,0.5,0.21982340253517074
V0202,16.513047063024903,1.3877499768645865,33.08651612035061,0.3051076481541315,0.5444367302514221,0.22916538101079098
V0203,19.70806890199487,0.8400533581312096,30.25423013066275,0.23662274226533783,0.5,0.19903044986886423
V0204,22.802772890060314,0.6724761816676643,40.031532850424306,0.35919312723685093,0.5,0.228375608763836
V0205,17.88893302553411,1.4799712087724195,29.61085442708458,0.8633575739233728,1.0,0.37765336831490764
V0206,20.71283950724054,1.339124499148513,34.35694695755255,0.749136846825699,1.0,0.44649321492503286
V0207,19.31932639033111,1.146116098967206,29.884157596904306,0.7960464513807548,1.0,0.40140770531610714
V0208,21.471154305881235,1.2282872845820845,32.58597554426919,0.7817213746591932,1.0,0.43802996736318667
V0209,19.669016139706837,1.690434837253916,33.65875120666334,0.7596393744212347,1.0,0.4536466813338604
V0210,19.944577251145837,1.691885599797366,33.71398734708077,0.7644973005562135,1.0,0.42808230433973593
V0211,21.75999097458006,1.462703213616182,33.0075052127056,0.7102713466997883,1.0,0.45034073438056127
V0212,15.485227408144931,1.4573833868731396,29.010911665951326,0.6616589278963418,1.0,0.41705209788773345
V0213,15.638161500515148,1.4025937769194525,27.095641932937816,0.882522873576275,1.0,0.544033127798803
V0215,20.82328025241812,1.3668552388344737,31.922363156636692,0.9373606674869245,1.0,0.4888010608762883
V0216,19.210820102639758,1.5422821356124858,31.818378267503753,0.9639465163762438,1.0,0.4142163609523931
V0217,15.661879032974522,0.8193792388342741,33.64162821665224,0.8163218583369284,1.0,0.4948121542061422
V0218,16.001862597930092,0.8331267334629863,30.412943276348315,0.8295497661227003,1.0,0.42732174008403984
V0220,14.794812594820415,1.035340255330583,29.51764045079858,0.7456271767572901,1.0,0.4396518122932607
V0221,14.979605884937557,0.9305400889648971,32.340881967501666,0.8374786397896224,1.0,0.5440820071656355
V0222,14.215045039287487,1.0355808528199721,31.24475284074637,0.8950869087576816,1.0,0.4604221490517787
V0223,15.408534553924715,0.7143677582527362,29.14698399368388,0.6899391455667482,1.0,0.4007438005768646
V0224,14.023556598642857,1.0913041890308453,31.877421393325776,0.797185879678698,1.0,0.4336540489457235
V0225,15.890353157147786,1.2810933531736386,34.168934899988116,0.8657066935462506,1.0,0.4617882143658932
V0226,14.561216572957456,0.8291203888340406,33.372438556398684,0.8135098644124815,1.0,0.4440820493681081
V0227,14.972835014993462,0.9257507098943325,34.28329265866697,0.8508254804952761,1.0,0.35812334972985155
V0229,18.57406939366581,1.353738620178974,27.563110210085863,0.7818718432524868,1.0,0.48599380373834733
V0231,17.967875896936157,1.6362745598389805,30.575224923613035,0.757467407015475,1.0,0.3646807947433537
V0232,20.1951921409469,1.1259597180501826,28.44816461184383,1.0230484320219317,1.0,0.6621688736978449
V0233,18.470845876375186,1.4531687032003315,29.463296136631342,0.6283437877127143,1.0,0.48607505291027037
V0234,18.75170539135486,1.2967478386321991,30.276121711796467,0.6666348166105384,1.0,0.4460825686746946
V0235,19.11609282644739,1.351643191252602,33.21002808502462,0.7718939944512001,1.0,0.3984879706711284
V0236,18.558500687784306,1.4893135969696047,31.36730153200957,0.6961701129266296,1.0,0.4895859022349248
V0237,19.388365086543768,1.295948521576452,33.96608204150178,0.8995821145438536,1.0,0.4452204130703414
V0238,18.863503552472615,2.09079610021109,33.299659129466306,0.7837733298311489,1.0,0.5669645514045552
V0239,17.997941705418498,1.2966138961746962,31.64089725585776,0.983257892487793,1.0,0.4075131015901134
V0240,19.79260955143123,1.248411442946622,33.23391938311607,0.6689999147080569,1.0,0.42956068529141733
V0241,16.620948370446964,0.7371509538918387,23.910178504974436,0.12202410341235596,1.0,0.2912876155451115
V0242,18.32206745699198,0.6869914624272112,26.942304552657365,0.16493559555598208,1.0,0.25102482153361394
V0243,19.744485656893023,0.7747328943781556,30.199141433603796,0.09011596272004932,1.0,0.2750087674963671
V0244,16.936768225331495,0.7106362638091076,23.787628238227402,0.13661523001221754,1.0,0.33227914947996806
V0245,17.549854414551632,0.8013322726422968,23.972095479132424,0.14039397607129755,1.0,0.2780716024016682
V0246,20.38156528581797,0.7724605954633557,29.111479673145507,0.2078597374642739,1.0,0.32443147085367535
V0247,16.962076122707135,0.9706847102492477,26.917080388243896,0.1628497343330624,1.0,0.2772237643047014
V0248,17.924144891048797,0.8140482724761474,27.173977130987073,0.15204395316816266,1.0,0.3594996658787839
V0249,17.777304986170826,0.9095729612665384,26.53177526497141,0.11349196806686461,1.0,0.2667818998810922
V0250,15.007469120502947,0.7395224705872714,25.15917204644312,0.21140625188077533,1.0,0.26104113453992367
V0251,17.01051030036811,0.8293046836900538,27.305827791601004,0.15611951267353247,1.0,0.31214389839957496
